timestamp_ms,gaze_x,gaze_y,smoothed_x,smoothed_y,gaze_pitch,gaze_yaw,confidence,is_fixation
81.67290687561035,435,571,435,571,-0.4702043,-0.25669324,1.0,True
172.6682186126709,565,633,558.8219452951737,630.0535431407751,-0.5220217,-0.16969612,1.0,True
240.34833908081055,601,617,579.9481413162796,623.5693323346994,-0.50671923,-0.14901254,1.0,True
306.3631057739258,791,587,656.5573407953929,610.3083285926049,-0.47232068,-0.031603105,1.0,False
373.6462593078613,668,545,663.6976179541201,589.5372137582353,-0.42571795,-0.11628386,1.0,False
440.0782585144043,492,437,617.625023855314,543.1927297942685,-0.32069027,-0.24000424,1.0,False
505.7551860809326,443,399,566.8432290904249,495.9699541307872,-0.27830005,-0.2770479,1.0,False
581.9482803344727,489,416,538.9085978962148,463.31814080134546,-0.3009059,-0.24417597,1.0,False
674.0291118621826,477,414,513.5315872691915,437.5555056495181,-0.2975065,-0.25257736,1.0,False
740.7591342926025,486,418,496.6100780802788,419.4130686090666,-0.3035299,-0.24544472,1.0,False
807.5330257415771,508,390,490.3052478366358,398.44818268101164,-0.27140898,-0.23579177,1.0,False
874.0580081939697,468,397,475.18546976123326,384.97481231355545,-0.27969253,-0.2604187,1.0,False
941.0853385925293,508,386,474.785630879019,372.4631889146395,-0.2681307,-0.23555854,1.0,False
1007.4441432952881,517,391,477.5745195466625,364.85826517048696,-0.2705721,-0.23014349,1.0,False
1073.876142501831,508,375,478.0845394808923,355.5936506336814,-0.2538518,-0.23798296,1.0,False
1141.554355621338,467,386,468.7065983155589,351.74489104283236,-0.26614863,-0.2629011,1.0,False
1207.747220993042,247,569,407.7686500254183,394.1602236574806,-0.45360568,-0.37447974,1.0,False
1274.2431163787842,88,603,320.9671914405017,437.19031300036704,-0.48508132,-0.4651173,1.0,False
1340.804100036621,1055,429,477.47532115229797,431.7971889823563,-0.30937994,0.13741413,1.0,False
1407.621145248413,837,433,556.0038015842704,428.5211053393124,-0.3172808,-0.012507431,1.0,False
1474.0972518920898,811,395,614.741906263994,417.4778637279504,-0.27220544,-0.03368976,1.0,False
1540.9610271453857,936,400,690.7607512885014,409.69712514847475,-0.27413073,0.051390313,1.0,False
1607.767105102539,1011,407,769.742792885942,405.0217719089023,-0.28278953,0.10457411,1.0,False
1674.3531227111816,976,387,827.2313447428536,397.06433177275187,-0.2600102,0.07929083,1.0,False
1741.0120964050293,873,375,852.377581841912,388.1151755424307,-0.24588308,0.0058251694,1.0,False
1807.3179721832275,850,385,867.6141229782955,383.0022904449932,-0.2557691,-0.009308152,1.0,False
1874.6201992034912,776,344,863.9311769277135,370.39693780710934,-0.21071711,-0.063523196,1.0,False
1941.4892196655273,774,341,859.4722312772826,359.4508674476486,-0.20967013,-0.06454026,1.0,False
2007.7860355377197,493,348,796.7811532628364,351.97579694686806,-0.22760516,-0.25022405,1.0,False
2074.435234069824,399,405,723.7474357680461,357.69775713951657,-0.2875963,-0.304048,1.0,False
2141.688108444214,388,395,659.2087702083645,360.81485723992495,-0.27536058,-0.31272838,1.0,False
2208.4553241729736,411,367,608.9908222842845,358.0355765570564,-0.23857343,-0.30341712,1.0,False
2275.144338607788,358,322,555.6354397298206,346.80010339528764,-0.20201409,-0.34228057,1.0,False
2341.215133666992,319,335,502.61080545022656,340.1486273139773,-0.21315518,-0.36585477,1.0,False
2407.956123352051,373,323,468.80651555995735,332.34936882808995,-0.20340022,-0.33175603,1.0,False
2475.059986114502,382,346,442.37700016299914,330.637562929384,-0.22622573,-0.3229858,1.0,False
2541.7752265930176,353,336,414.6366923673206,327.4591137636457,-0.21471909,-0.34371427,1.0,False
2675.171136856079,329,328,386.836717718226,323.4237619125431,-0.21112335,-0.3592601,1.0,False
2740.659236907959,301,336,358.2334779325228,321.8659389434355,-0.22330865,-0.3756621,1.0,False
2806.37526512146,325,363,339.4294605705096,326.2254754307111,-0.24882635,-0.35622486,1.0,False
2873.0480670928955,369,365,333.02828736022104,330.598600873933,-0.25040329,-0.32770935,1.0,False
2939.695119857788,366,353,327.78546836412755,332.1462278759999,-0.23757884,-0.33151254,1.0,False
3006.866931915283,333,355,317.4891970502277,334.0611362333086,-0.23933089,-0.35275957,1.0,False
3073.0643272399902,408,376,324.4796900878049,340.07592557276087,-0.25855815,-0.3017636,1.0,False
3139.665126800537,382,368,325.9755124850683,343.7624020176039,-0.24818695,-0.32031754,1.0,False
3206.7360877990723,368,363,325.11480466527786,346.03256567542456,-0.24208713,-0.32983238,1.0,False
3273.84614944458,358,356,322.99573800515424,346.67336186680086,-0.23447657,-0.33785135,1.0,False
3339.29705619812,380,369,326.16853214485786,349.9112321607051,-0.24944618,-0.3211995,1.0,False
3406.339168548584,389,365,331.2239180464753,351.955206408669,-0.24422199,-0.3162002,1.0,False
3473.903179168701,434,357,345.0397552857978,352.16361656760216,-0.23609993,-0.28847873,1.0,False
3540.4012203216553,423,333,355.07659580013734,347.59385429317643,-0.21577093,-0.29772043,1.0,False
3606.368064880371,260,399,331.4062073507445,356.9455874884651,-0.28605035,-0.39198312,1.0,False
3673.5291481018066,329,409,325.32025100869544,366.9874191011755,-0.2940871,-0.347613,1.0,False
3740.096092224121,334,351,321.5006994516957,363.9797814761617,-0.22744408,-0.35406324,1.0,False
3806.8642616271973,389,406,329.61232026081865,372.4013088245134,-0.29199925,-0.30982924,1.0,False
3873.4819889068604,363,386,331.6929906821338,375.5861784739867,-0.27065194,-0.32943088,1.0,False
4073.496103286743,379,338,336.9749591403043,368.67260606648017,-0.21212065,-0.32708773,1.0,False
4140.04111289978,332,370,332.36058019053644,369.1329930314747,-0.2447598,-0.35271618,1.0,False
4206.840038299561,352,346,332.66433966043155,364.7127920949176,-0.22085789,-0.34327286,1.0,False
4274.20711517334,356,345,333.9651443765944,360.7271524514485,-0.22025034,-0.3412053,1.0,False
4340.795278549194,321,355,328.29952211168,359.3289752202815,-0.23396614,-0.36151817,1.0,False
4407.093048095703,315,352,322.4697007682779,357.55271454297844,-0.2331956,-0.36523095,1.0,False
4507.355213165283,364,345,327.50628284558815,354.65766872159793,-0.22473824,-0.33483112,1.0,False
4579.028129577637,336,379,326.42210949829985,359.0128798008627,-0.26711667,-0.34679887,1.0,True
4644.53911781311,418,385,342.0824949927546,363.9635405977566,-0.2650261,-0.294528,1.0,True
4708.8000774383545,362,333,344.423016896682,357.8045439773375,-0.20664531,-0.33892196,1.0,True
4774.906158447266,356,360,345.3297920916555,357.9466245683513,-0.23759308,-0.33869967,1.0,True
4841.992139816284,330,324,340.9974794265279,350.887664869497,-0.20025352,-0.36031392,1.0,True
4909.223318099976,168,476,304.98498907906725,375.28200301236234,-0.36427823,-0.43685937,1.0,False
4975.816965103149,447,521,330.14854307536774,405.14037986563085,-0.41494563,-0.2564224,1.0,False
5041.8860912323,366,504,335.63740218339433,427.17187460137677,-0.38694456,-0.311571,1.0,False
5105.659246444702,418,475,350.8333255302798,440.02144415190077,-0.35335252,-0.28338882,1.0,False
5173.581123352051,403,432,360.8856193907294,442.16747916055436,-0.29473174,-0.3012997,1.0,False
5240.297079086304,346,472,358.08897795025155,451.74874177514766,-0.33075312,-0.33226636,1.0,False
5307.260274887085,365,463,359.4904789558165,457.8837682593664,-0.3123025,-0.32358775,1.0,False
5374.019145965576,468,486,381.2851429169077,467.460006374706,-0.33211067,-0.2568495,1.0,False
5439.594030380249,441,474,394.47707134822843,472.968196299111,-0.31649745,-0.27624154,1.0,False
5506.746053695679,441,474,405.6509196913967,477.3885054810582,-0.30522287,-0.27800196,1.0,False
5573.54211807251,434,517,413.66131912580227,489.47957370697725,-0.34985194,-0.276887,1.0,False
5641.102075576782,399,508,413.34082014146816,497.7193668996598,-0.33994204,-0.29984167,1.0,False
5707.6451778411865,465,491,426.0932114220638,501.048276039944,-0.3231101,-0.2610173,1.0,False
5773.63920211792,507,513,445.2138822805125,507.9774266894473,-0.34697098,-0.2322787,1.0,False
5840.527057647705,438,500,447.53423237602,510.9877145032519,-0.33077008,-0.2770388,1.0,False
5909.7630977630615,393,492,440.26338858848015,511.649441708198,-0.31748077,-0.3068093,1.0,False
5975.499153137207,500,509,455.21653663633526,515.3168311365819,-0.33038127,-0.23977008,1.0,False
6040.572166442871,551,475,477.976168380403,511.36651779401274,-0.29943082,-0.21085703,1.0,False
6109.8082065582275,504,491,487.75752411484166,510.921380428968,-0.31812054,-0.23765722,1.0,False
6176.41019821167,619,548,518.7991760308591,521.6996526698437,-0.37544936,-0.15998468,1.0,False
6243.294954299927,1137,624,648.568512442818,545.8729422796023,-0.4459876,0.17841968,1.0,False
6310.044288635254,1137,574,758.8964004083524,556.2532675451843,-0.39721373,0.17674628,1.0,False
6373.540163040161,1199,520,864.6000917294479,553.9941504792415,-0.3385813,0.21612307,1.0,False
6440.21201133728,906,544,895.0217081911676,556.533601624368,-0.3650496,0.020992152,1.0,False
6507.301092147827,686,578,875.5053775584523,565.1980479841794,-0.39748788,-0.11722434,1.0,False
6574.163913726807,613,583,842.7655745539738,573.3002977496569,-0.40219182,-0.1618774,1.0,False
6640.597105026245,691,634,829.1101915264878,590.1114270437756,-0.4488234,-0.10927067,1.0,False
6707.327127456665,903,508,858.7444164400794,578.9455111101095,-0.32134673,0.014813416,1.0,False
6774.4300365448,1018,415,906.0418709715736,550.4668380742135,-0.21613052,0.08431768,1.0,False
6839.993238449097,1077,423,957.1726096477269,527.4776752197895,-0.22257462,0.124623366,1.0,False
6906.8920612335205,1055,368,995.2748990148291,496.6933092434571,-0.157219,0.106314115,1.0,False
6974.472999572754,877,434,990.953064959692,483.5499057894107,-0.23147997,-0.010761775,1.0,False
7040.718078613281,713,454,953.1762233993054,476.3745176488775,-0.2576776,-0.11485385,1.0,False
7106.888294219971,710,418,919.1524005536074,463.1358802179065,-0.22447649,-0.118570216,1.0,False
7173.413276672363,426,430,832.344643490914,454.34315855407124,-0.23718065,-0.298129,1.0,False
7241.473197937012,364,425,745.0805093013455,445.9844057789952,-0.25573254,-0.3325376,1.0,False
7306.951284408569,470,351,691.3881285791322,424.21761146171605,-0.1926882,-0.27314603,1.0,False
7373.793125152588,492,407,649.8823823177642,417.02794121213117,-0.26453954,-0.2491785,1.0,False
7441.375970840454,458,417,607.7726868859314,413.142499133509,-0.27345714,-0.26940036,1.0,False
7507.411956787109,487,383,577.8879613982544,403.2855788106621,-0.23358017,-0.25651294,1.0,False
7573.55809211731,528,386,560.9683415339152,395.72956817036453,-0.24192494,-0.22865614,1.0,False
7639.987945556641,516,370,544.5930677565289,386.3550320819564,-0.22477672,-0.23778921,1.0,False
7708.2250118255615,492,371,526.3116078311763,378.83733611784,-0.22950143,-0.252972,1.0,False
7773.687124252319,516,374,516.0289517892691,373.3186815323263,-0.23132697,-0.23684284,1.0,False
7840.452194213867,536,389,511.80244093312905,371.91284211098497,-0.24801946,-0.22215137,1.0,False
7908.117055892944,499,386,501.3438663678772,370.41599934556075,-0.24549738,-0.24661347,1.0,False
7974.130153656006,538,368,500.74575516526096,365.8263118081221,-0.22605023,-0.22295448,1.0,False
8040.509939193726,560,389,505.1639894678102,366.3835442878219,-0.2484937,-0.20654425,1.0,False
8107.233047485352,551,381,507.6297237165397,365.53088301420524,-0.23824468,-0.21363857,1.0,False
8174.74102973938,552,386,510.38058146581176,366.05500888845836,-0.24476284,-0.21203077,1.0,False
8240.45205116272,547,391,512.1361932455278,367.74024280266053,-0.2501116,-0.214685,1.0,False
8307.352066040039,544,387,513.4055334259369,368.5985600299147,-0.2480874,-0.21695894,1.0,False
8375.049114227295,559,383,517.828931791254,368.7305663446093,-0.24067894,-0.20797497,1.0,False
8440.927028656006,553,376,520.7165980595547,367.6264305117377,-0.23682216,-0.21228239,1.0,False
8507.025241851807,573,384,527.4571764334037,368.4547694386256,-0.24185356,-0.19889617,1.0,False
8574.295043945312,514,380,521.6568767799358,368.5247103209396,-0.23907998,-0.23772329,1.0,False
8641.654014587402,524,368,518.9145453667778,366.33366688916414,-0.22854811,-0.23175517,1.0,False
8707.30710029602,509,378,513.7884862980198,366.60304991856066,-0.23654506,-0.24088788,1.0,False
8774.530172348022,517,373,511.22379255904536,365.9705156764929,-0.23287797,-0.23633075,1.0,False
8842.130899429321,540,378,513.8490536670832,366.5582147404856,-0.23650694,-0.22082427,1.0,False
8907.31430053711,456,550,499.4979418379378,401.5809311284961,-0.4177615,-0.25229543,1.0,False
8974.423170089722,1089,567,614.0370798168427,434.9780251571802,-0.43192813,0.15947592,1.0,False
9041.89419746399,1112,438,716.6012291357181,437.6559933780171,-0.27184916,0.16166955,1.0,False
9106.726169586182,1119,437,805.3245322023295,439.6029547096463,-0.25620523,0.16078669,1.0,False
9173.923015594482,1050,447,866.6855142262461,443.1258177121546,-0.26274297,0.11273483,1.0,False
9241.971969604492,1019,465,912.0184929890268,449.59576387799956,-0.27695134,0.090168424,1.0,False
9307.246208190918,1043,446,954.5112960927304,451.177110625635,-0.2588132,0.106275,1.0,False
9374.136209487915,1119,472,1004.8853879611245,457.5731598820687,-0.28002787,0.15741095,1.0,False
9441.86019897461,1110,456,1044.9061896163576,459.6823571554543,-0.26631078,0.15150535,1.0,False
9507.390022277832,1097,443,1075.190748412325,458.72061687875646,-0.24772006,0.14093888,1.0,False
9574.126243591309,1076,434,1095.5091854702673,455.94161643234787,-0.24325016,0.12793607,1.0,False
9641.934156417847,1084,420,1113.1038126436838,450.62586118945603,-0.22107759,0.13018313,1.0,False
9707.200050354004,1047,455,1119.3914635471667,452.9649121792838,-0.27009732,0.11030363,1.0,False
9774.195194244385,1024,471,1118.8563647559902,458.06328747542244,-0.28408983,0.09440064,1.0,False
9842.386245727539,1024,456,1117.1635341929687,459.3144772126608,-0.2712341,0.09443695,1.0,False
9907.238245010376,1041,449,1117.9670892866454,458.87123597294914,-0.26405668,0.10566641,1.0,False
9974.358081817627,1056,479,1120.5837055044317,464.38502650154095,-0.29694882,0.117667265,1.0,False
10041.725158691406,1068,475,1124.2158824052683,468.1909252377271,-0.28786784,0.12406977,1.0,False
10107.41400718689,1058,485,1124.3720788272003,473.326431890173,-0.3006829,0.11850745,1.0,False
10174.416303634644,1062,490,1124.4120749137167,478.5904847869275,-0.30658495,0.12132227,1.0,False
10241.897106170654,1066,475,1124.4119107840802,479.95385397383853,-0.2863536,0.12260566,1.0,False
10307.709217071533,1039,459,1118.2329540032497,477.77849793704934,-0.27109239,0.10389399,1.0,False
10374.186992645264,1036,435,1111.6333491918754,470.9878331351239,-0.2435297,0.10029518,1.0,False
10442.014932632446,1017,441,1101.545220686884,466.2754635184486,-0.2501484,0.08759511,1.0,False
10507.431268692017,1159,592,1120.7474482737334,492.3685616448632,-0.40428406,0.1884574,1.0,False
10574.59306716919,1224,617,1149.61926436623,519.5714593240633,-0.4311605,0.23381037,1.0,False
10642.12417602539,1150,526,1158.9084603820104,524.4328246764355,-0.34114227,0.18202159,1.0,False
10707.710981369019,1068,461,1149.8210377228745,515.3428126293139,-0.27516744,0.124119334,1.0,False
10774.57308769226,1053,435,1138.4601524259274,502.14623215655905,-0.246257,0.11243685,1.0,False
10842.120170593262,1055,412,1128.6319754893573,486.09368468293434,-0.22361323,0.11393493,1.0,False
10907.554149627686,1054,414,1119.58767426691,472.66373090826215,-0.22496438,0.11327367,1.0,False
10974.537134170532,1071,405,1114.8777309653933,459.3375848097476,-0.21304262,0.12373889,1.0,False
11042.015075683594,1113,412,1118.924739911308,449.35216680013934,-0.22292191,0.15393138,1.0,False
11107.511043548584,1105,414,1120.483350535889,441.26580350178426,-0.22616243,0.1492284,1.0,False
11174.356937408447,1093,415,1119.123794361742,434.63316881640975,-0.22644427,0.14064875,1.0,False
11242.056369781494,1101,409,1119.287832164268,427.86528548389134,-0.22073087,0.14590776,1.0,False
11307.576179504395,1106,428,1120.1752246440983,425.9994416780914,-0.23955014,0.14943105,1.0,False
11374.622106552124,1115,438,1122.496135632708,426.5334407444102,-0.25046086,0.15618244,1.0,False
11442.27933883667,1117,454,1124.652915948493,430.31352745420645,-0.2677209,0.1581572,1.0,False
11507.508039474487,1104,434,1123.6763013218078,429.6534164559874,-0.24405006,0.14731234,1.0,False
11574.55325126648,1058,432,1113.4326589361688,428.7832821046656,-0.24299106,0.11556647,1.0,True
11642.333269119263,1029,459,1098.6986429085086,433.530064195546,-0.27164337,0.097049884,1.0,True
11707.64422416687,995,431,1079.1821148476006,432.0670890123097,-0.24252808,0.07280999,1.0,True
11774.441957473755,1051,427,1073.6464642009062,430.0824810122232,-0.23793831,0.110804446,1.0,True
11842.668056488037,1016,433,1061.9159908275383,429.6536948653244,-0.23705533,0.08531108,1.0,True
11906.801223754883,969,439,1042.5193989178101,430.555283349601,-0.24766102,0.054821603,1.0,True
11974.749326705933,940,420,1020.2218667377904,427.58915035902754,-0.2312195,0.03585557,1.0,False
12042.58418083191,1033,464,1019.9142161039373,433.9150552951151,-0.2711122,0.09846824,1.0,False
12107.667922973633,941,450,1001.4425727154689,436.5769118400503,-0.2494846,0.03321249,1.0,False
12174.72529411316,1033,455,1004.2593570351547,439.8853715847978,-0.2576045,0.09665839,1.0,False
12242.546319961548,1045,492,1009.2959930637679,450.13366775946514,-0.28976223,0.10365195,1.0,True
12307.89303779602,1047,465,1014.2013553124749,453.49052246240615,-0.27274376,0.10775869,1.0,True
12374.901056289673,1034,461,1015.9629603739409,455.52946592526024,-0.2673921,0.09820037,1.0,True
12442.621946334839,1067,465,1024.2127382847943,458.0335611498734,-0.27304056,0.12131452,1.0,True
12507.79914855957,1050,470,1027.9830574363466,461.12972318089885,-0.2720034,0.10760557,1.0,True
12574.730157852173,1064,455,1034.0928719917706,460.72492316330727,-0.25972039,0.118248664,1.0,True
12642.354249954224,1028,429,1032.179485342886,455.12475084038994,-0.23343575,0.09287653,1.0,True
12708.301067352295,1015,449,1027.99304955254,454.2962829708509,-0.25745243,0.085940234,1.0,True
12774.785995483398,945,479,1010.4706602595625,459.5628915689416,-0.2897817,0.040504552,1.0,True
12842.098236083984,908,472,988.1798066883864,462.6353398931616,-0.2829061,0.016155906,1.0,False
12907.72294998169,911,493,969.878059742267,469.4181606872954,-0.30340907,0.019086681,1.0,False
12974.944114685059,879,505,948.0516213888079,477.55884184677194,-0.3176431,-0.0010256097,1.0,False
13042.45400428772,901,501,934.0697824208565,483.6372688830628,-0.3121941,0.013243414,1.0,False
13108.03508758545,899,505,922.0433808142174,489.5315135936547,-0.31791916,0.012391575,1.0,False
13175.036191940308,893,490,910.9150144513831,491.45315584754616,-0.30329716,0.0076551363,1.0,False
13242.027997970581,912,486,905.5734545017639,492.1710942393587,-0.29720515,0.019189961,1.0,False
13308.167219161987,901,529,899.1858938153784,501.2631636962839,-0.3424984,0.0150260255,1.0,False
13375.327110290527,938,550,901.5000333487317,513.1066437458737,-0.36141518,0.039924704,1.0,False
13443.033218383789,910,550,898.2380111974311,523.0733392022672,-0.36366102,0.022224076,1.0,False
13508.016109466553,883,530,890.3852199937583,527.4057177113517,-0.3418496,0.003144659,1.0,False
13574.767112731934,893,501,886.0045174309032,525.1062109491347,-0.3162954,0.009287648,1.0,False
13642.664194107056,972,505,898.3932284815404,523.7451893933726,-0.31739828,0.06004464,1.0,False
13775.110244750977,1139,477,942.6856209422964,516.8064362901846,-0.2879349,0.17168772,1.0,True
13842.3752784729,1147,458,982.3370599650038,506.92468132376507,-0.26592317,0.17648596,1.0,True
13909.600973129272,1120,454,1010.8537170503031,497.5669482663126,-0.2629526,0.15822852,1.0,True
13974.691152572632,1071,454,1025.322326491205,489.49986917679973,-0.26202172,0.12374773,1.0,False
14041.633129119873,1017,453,1026.7062496907106,482.3728743161655,-0.26458728,0.08857558,1.0,False
14109.534978866577,990,492,1022.2839715877723,484.07964010344256,-0.30299482,0.07140579,1.0,True
14174.745082855225,993,586,1018.9156961509179,504.35065753188496,-0.39943707,0.078298874,1.0,True
14241.764068603516,993,587,1015.8755331860889,521.8561293742138,-0.39981836,0.07829527,1.0,True
14309.811353683472,964,578,1007.3383957050778,534.929091789754,-0.39051098,0.05912412,1.0,False
14374.688148498535,942,579,995.5308404442013,546.1617404983228,-0.38972226,0.04417237,1.0,False
14441.800355911255,905,569,977.971051696244,553.5857029252002,-0.38087514,0.01975935,1.0,False
14508.227109909058,936,570,969.1502733419283,559.9303968276994,-0.37876955,0.039312102,1.0,False
14576.418161392212,847,674,943.8516470139167,585.9404133253295,-0.47955966,-0.0106584355,1.0,False
14640.366077423096,874,726,927.7213906579884,618.3225543457625,-0.52242506,0.008805953,1.0,False
14708.440065383911,1312,786,1001.7009003644728,657.6639664374986,-0.5702088,0.28757975,1.0,False
14776.456356048584,1186,785,1039.8218294581338,690.6482432250543,-0.5773436,0.20920524,1.0,False
14843.468189239502,1038,770,1042.6676150069543,715.2936880787648,-0.5659552,0.114851646,1.0,False
14908.193111419678,1048,776,1046.8820085792513,736.9394614540163,-0.5696249,0.120744,1.0,False
14975.171089172363,957,712,1032.0684299893655,741.9768873348306,-0.51506174,0.06146153,1.0,False
15043.02430152893,927,702,1013.2166547175987,743.607136208351,-0.50633085,0.041758336,1.0,False
15108.368158340454,999,692,1011.3856791039505,742.356573491056,-0.49741507,0.087058745,1.0,False
15175.359010696411,1083,683,1026.5557562249792,738.8847023373393,-0.48841214,0.1404917,1.0,False
15242.9780960083,1061,691,1035.0444078388025,736.962076049868,-0.49639422,0.12665835,1.0,False
15309.957265853882,1066,687,1043.1814036920105,734.011147339226,-0.49071282,0.12932423,1.0,False
15374.861001968384,1076,671,1051.99524832535,727.8235890728561,-0.4786948,0.13591895,1.0,False
15441.869020462036,1076,661,1059.3663873876837,720.1158946054554,-0.46802413,0.1350745,1.0,False
15509.27734375,1096,668,1069.4850801390483,714.5615271034621,-0.47369963,0.14817083,1.0,False
15576.378107070923,1079,673,1074.5335666049525,710.4972127404881,-0.47976136,0.13776022,1.0,False
15641.566038131714,1047,691,1072.2319082229433,710.3457984135689,-0.49555957,0.11747768,1.0,False
15708.254098892212,1052,683,1071.0541560743634,708.366722973186,-0.48833603,0.120064355,1.0,False
15775.384187698364,1057,701,1070.8578989411747,710.0452396479038,-0.5042988,0.12416472,1.0,False
15843.340158462524,1122,702,1083.5161212487412,711.4674497923727,-0.5039619,0.16550207,1.0,False
15908.492088317871,1117,712,1093.1558174781446,714.4789852440496,-0.5107669,0.1618101,1.0,False
15974.975109100342,1121,695,1101.985496895292,713.4551604688038,-0.49512678,0.16423386,1.0,False
16042.536973953247,1101,693,1105.3027671370728,711.9900318423563,-0.49386787,0.15142387,1.0,False
16110.246181488037,1109,691,1109.499213102003,710.1647285166337,-0.4936701,0.15720552,1.0,False
16175.20523071289,1091,681,1109.2497136992538,706.4489561425005,-0.48520112,0.14496961,1.0,False
16241.6410446167,1080,686,1106.6067846610645,704.1370188279606,-0.49160463,0.13868308,1.0,False
16309.399127960205,1082,691,1104.5376843016988,703.0456420586224,-0.4945687,0.14006576,1.0,False
16377.095222473145,1066,690,1099.3819015568502,701.8119320823703,-0.49373686,0.12979966,1.0,True
16441.5922164917,1084,688,1098.4121833402135,700.2674716736036,-0.49197078,0.14096305,1.0,True
16508.496284484863,1065,687,1093.644246322368,698.6683370576089,-0.4921533,0.12938339,1.0,True
16575.83522796631,1072,692,1090.847973423793,698.2334515373784,-0.4956646,0.13336131,1.0,True
16643.153190612793,1052,690,1084.359648792616,697.4024304340289,-0.49356496,0.12074443,1.0,True
16708.139181137085,1047,694,1077.737527103773,697.4389144788956,-0.49876213,0.1180257,1.0,True
16775.259256362915,1040,697,1070.6299960579813,698.0222495217371,-0.5019145,0.113442995,1.0,True
16843.282222747803,1037,717,1063.9355712739084,702.475287562387,-0.51784253,0.1119545,1.0,True
16910.052061080933,1021,719,1055.0208904963313,706.6313808274085,-0.5181451,0.10134529,1.0,True
16975.29697418213,1000,711,1043.2355340009851,708.521170361727,-0.5117997,0.088083215,1.0,True
17042.115211486816,1009,708,1035.0307750180284,709.4660530510253,-0.5120206,0.094039686,1.0,True
17109.230041503906,1018,710,1029.9198908314227,710.6024118284503,-0.51338273,0.100058086,1.0,True
17176.49507522583,1046,708,1031.2722516043857,711.1034666926777,-0.5092421,0.11725845,1.0,True
17241.894245147705,1057,703,1034.7505102013642,710.4629310281572,-0.5028789,0.12353181,1.0,True
17308.874130249023,1094,693,1045.229776942929,707.8509967494987,-0.49401593,0.14692336,1.0,True
17376.14893913269,1096,690,1054.6634599769418,704.9634360365786,-0.4925238,0.14821592,1.0,True
17443.360090255737,1138,703,1071.161560271126,705.0538749857549,-0.50339246,0.17570132,1.0,True
17508.503198623657,1165,706,1090.6512197028585,705.6988411452858,-0.50795376,0.1940859,1.0,True
17575.33311843872,1150,695,1104.2342643188729,704.0188295243067,-0.49790204,0.18386772,1.0,True
17642.664194107056,1174,715,1120.5109098207663,706.5545691671994,-0.5150441,0.19951531,1.0,False
17709.88702774048,1164,706,1132.2454140913374,706.8957666259508,-0.5064027,0.19258097,1.0,False
17775.363206863403,1149,704,1139.0564119865762,706.7567810379394,-0.503875,0.18237981,1.0,False
17841.912031173706,1176,713,1150.0377914762798,708.4088354870244,-0.5132808,0.20132491,1.0,False
17909.695148468018,1210,704,1165.969057848359,707.9916945731319,-0.5060296,0.22347167,1.0,False
17976.84931755066,1201,705,1177.5011501747108,707.8047592477095,-0.50719947,0.21778032,1.0,False
18041.82720184326,1185,709,1183.8401420334628,708.4178141974022,-0.5097742,0.20722681,1.0,False
18108.612060546875,1184,705,1188.7268002933515,708.1160206345243,-0.50445545,0.2055673,1.0,False
18176.194190979004,1133,727,1182.3731028973511,712.2330388424283,-0.5254499,0.17362279,1.0,False
18243.72625350952,1071,719,1164.2318369419195,714.1235462241858,-0.52047324,0.1337052,1.0,False
18308.353185653687,1119,771,1158.0757330183485,726.1009715132693,-0.56539744,0.16586775,1.0,True
18375.811100006104,939,756,1116.629840105914,733.2815654576925,-0.5530944,0.051876895,1.0,True
18442.65389442444,814,721,1056.1047279078873,732.3289530737952,-0.51970106,-0.02863551,1.0,False
18509.89317893982,813,761,1004.2565751106943,739.4158104590267,-0.56136334,-0.02433715,1.0,False
18577.20923423767,990,786,995.6279652047972,750.3730855610917,-0.5831823,0.08668422,1.0,False
18642.04430580139,1055,792,1001.6500377440155,760.8139311685957,-0.58727694,0.12722996,1.0,False
18709.06901359558,1019,773,999.97902860547,765.7824219056843,-0.57072216,0.10371622,1.0,False
18776.177167892456,998,771,994.6958342465607,769.453448869946,-0.5674076,0.08994285,1.0,False
18843.521118164062,967,773,984.3133343028125,772.8108911230895,-0.56684804,0.070235364,1.0,False
18910.734176635742,1033,762,988.976489890443,773.2993663772965,-0.5558505,0.11060897,1.0,False
18977.384328842163,1023,802,991.2939944953415,781.539488362298,-0.59266824,0.106215544,1.0,False
19043.8551902771,875,797,963.9707449193224,787.4043927721352,-0.5841548,0.01342424,1.0,False
19110.66436767578,568,739,879.5258686595829,780.6242577297099,-0.53837585,-0.1755575,1.0,False
19177.183151245117,612,751,816.6162894029968,777.0451595927069,-0.5518232,-0.14696902,1.0,False
19244.323015213013,889,685,818.960408805688,760.634612288535,-0.49361837,0.018019043,1.0,False
19310.439109802246,957,636,835.3695655437651,736.697712948017,-0.44218472,0.056548662,1.0,False
19377.345085144043,786,611,815.91863006031,711.2055573029625,-0.42581198,-0.05175867,1.0,False
19443.926095962524,781,559,798.958966606075,679.075758689546,-0.3744438,-0.0591423,1.0,False
19510.658025741577,704,515,769.7517829546061,642.9709096829522,-0.3293571,-0.112436675,1.0,False
19577.512979507446,721,460,748.9093455940363,601.3807516819045,-0.26431215,-0.10855212,1.0,False
19643.91303062439,690,425,725.6632710976598,559.2235485919742,-0.2312431,-0.1310192,1.0,False
19710.67214012146,649,424,698.3909012192565,523.5081388054704,-0.2352415,-0.15653428,1.0,False
19777.26411819458,740,430,694.1144599669439,494.8090357921943,-0.2351591,-0.098354004,1.0,False
19843.85895729065,715,460,686.3051141655344,476.98563290434424,-0.25753736,-0.11452719,1.0,False
19910.542249679565,707,444,678.8402360021997,459.30043548867286,-0.23200464,-0.12325529,1.0,False
19976.76706314087,764,427,684.6437969915027,441.54827174962014,-0.2174941,-0.08743522,1.0,False
20043.997287750244,819,367,701.344728489725,415.1525638017164,-0.15208319,-0.05631659,1.0,False
20110.616207122803,952,363,742.8742106417732,392.5939632593705,-0.156881,0.035842203,1.0,False
20177.518129348755,819,318,752.2861402215215,365.1524966487022,-0.11851603,-0.054295145,1.0,False
20244.09508705139,927,313,782.3052020156998,341.5706234048515,-0.109151095,0.018129192,1.0,False
20310.614109039307,789,308,780.6497154241664,321.3241831643729,-0.097809106,-0.07829907,1.0,False
20377.68816947937,714,282,764.4366632786175,299.7493751964651,-0.081870854,-0.12772518,1.0,False
20444.07820701599,760,77,759.9937327184635,241.25287048618597,-0.0820415,-0.048957624,1.0,False
20510.85901260376,748,34,754.0394718340941,183.6656284448135,-0.03971347,-0.05791972,1.0,False
20577.56519317627,831,66,765.7955368354773,142.00029309911804,-0.07648778,0.013601042,1.0,False
20644.08802986145,774,71,764.6697816787776,108.65468758124008,-0.088873684,-0.034050293,1.0,False
20710.77013015747,782,98,765.4935804643674,86.87614066585452,-0.1070109,-0.029095657,1.0,False
20777.46820449829,743,73,758.5727050866476,64.60162125800133,-0.09870762,-0.057840534,1.0,False
20844.15102005005,828,312,769.8283687166498,94.69398411494544,-0.26088655,-0.0022109821,1.0,False
20911.099195480347,971,334,808.2085213710964,126.0652879456348,-0.12150547,0.046689726,1.0,False
20977.771997451782,960,320,838.8831965430389,151.1347938375778,-0.112541825,0.041044913,1.0,False
21044.206142425537,1133,297,899.6378273933525,168.84193463329785,-0.088849545,0.16366556,1.0,False
21110.780239105225,975,333,919.7530277083586,191.91642147476327,-0.098275274,0.041532673,1.0,False
21177.695989608765,879,297,917.3818142575853,205.05712532827206,-0.22720355,0.02880808,1.0,False
21244.179010391235,1015,335,942.1730859735324,224.39559340670215,-0.14946961,0.08609516,1.0,False
21310.92095375061,1134,334,986.7771288666429,241.14109329069018,-0.13444379,0.16594273,1.0,False
21377.50506401062,1148,340,1027.2233347962426,256.97561195400476,-0.1411882,0.1761544,1.0,False
21444.199323654175,1214,351,1074.3906550759725,272.9502187252697,-0.12740806,0.2137729,1.0,False
21510.900020599365,1090,338,1089.1859692320768,284.17056789261136,-0.12826177,0.13075405,1.0,False
21577.471017837524,1004,346,1083.8330743005326,295.46457298791654,-0.13074982,0.068223886,1.0,False
21644.20199394226,1029,351,1083.4863173646233,306.17358275765514,-0.14615011,0.08910995,1.0,False
21710.859060287476,1097,361,1096.0824275843677,317.3384761366773,-0.1390213,0.13242584,1.0,False
21777.148246765137,1048,345,1096.3715500590383,323.652544491406,-0.13727051,0.1019791,1.0,False
21844.301223754883,1010,97,1088.3578940379878,279.3884319153035,-0.12962157,0.17898682,1.0,False
21911.02123260498,978,362,1074.5021973006408,294.5452960955508,-0.25820395,0.09093923,1.0,False
21977.12993621826,955,113,1057.5309439467544,257.7701834918079,-0.15055805,0.12776184,1.0,False
22044.337272644043,968,100,1045.1868620110222,223.81982429558957,-0.13322192,0.13994181,1.0,False
22111.173152923584,1024,117,1045.4824383022892,198.40860594800702,-0.14130032,0.18330088,1.0,False
22177.868127822876,1279,162,1096.4324668246059,185.99418319063423,-0.19601399,0.4160022,1.0,False
22244.5170879364,1420,517,1167.826723418131,246.7427225421942,-0.3213943,0.36452746,1.0,False
22311.180114746094,1085,194,1161.304439047376,234.34498438954625,-0.26189765,0.24498883,1.0,False
22377.915143966675,1066,143,1151.2692190301404,213.68886074223394,-0.19088197,0.22685137,1.0,False
22443.921327590942,1042,126,1137.30412009595,192.8214436811543,-0.15473077,0.19977728,1.0,False
22511.365175247192,1013,122,1119.0613193473184,174.4365574498752,-0.15820065,0.1775389,1.0,False
22577.874898910522,961,128,1092.6529278237822,160.22949436552025,-0.16204399,0.12922922,1.0,False
22644.614219665527,1027,137,1082.9708422339695,150.23411730649602,-0.1744358,0.1880449,1.0,False
22711.149215698242,1170,532,1103.0788958656663,221.0613607618567,-0.27418393,0.17111874,1.0,False
22777.762174606323,991,135,1084.2576201594816,202.4690040493205,-0.18408644,0.16109723,1.0,False
22844.36297416687,953,124,1060.357164659074,184.4955319586339,-0.163663,0.12484334,1.0,False
22911.105155944824,977,132,1044.605371396627,170.91014719330286,-0.17948079,0.148076,1.0,False
22977.827072143555,1015,165,1038.7025318347146,166.12303741846065,-0.22655308,0.18557256,1.0,False
23044.365167617798,985,236,1027.6642264273883,176.47837576634075,-0.34161264,0.17103341,1.0,False
23111.366271972656,961,141,1013.4647257491621,166.55626810109362,-0.19299796,0.13473818,1.0,False
23177.83808708191,940,136,997.2055955299255,157.27783172754798,-0.1884158,0.117119856,1.0,False
23244.408130645752,944,442,984.2355500808039,210.7713782056775,-0.2803929,0.048986353,1.0,False
23311.40398979187,902,159,964.9230397204293,200.0492636787721,-0.22928816,0.0903726,1.0,False
23377.37011909485,998,135,967.8340575691906,186.1242485415308,-0.18391755,0.16768304,1.0,False
23444.21124458313,945,143,959.9650844139437,175.90257978451734,-0.18668374,0.11745665,1.0,False
23510.95700263977,983,470,961.0703714308936,232.68654371511303,-0.3538218,0.09185941,1.0,False
23577.7370929718,993,470,964.2469960920416,281.2778942767214,-0.3528255,0.09976665,1.0,False
23644.6750164032,833,0,935.1716692063994,228.6672694689851,0.14590833,0.014351465,1.0,False
23711.16590499878,977,151,939.3491187751337,213.72987269654297,-0.21317524,0.152103,1.0,False
23777.912139892578,992,164,946.193090179786,203.5435569759687,-0.23019281,0.16589597,1.0,False
23844.454288482666,1199,496,993.6790261011108,261.26725697316306,-0.2931679,0.20738128,1.0,True
23911.055088043213,1029,212,1000.4053878234891,253.775986877943,-0.29258063,0.20065281,1.0,True
23978.034257888794,1265,484,1053.3677386970785,301.6259576433944,-0.27773353,0.25155133,1.0,False
24044.55804824829,1069,183,1059.359382879989,282.1375881538436,-0.25297722,0.23539448,1.0,False
24111.462116241455,1107,486,1071.8812397879176,325.825058053485,-0.25300533,0.13496426,1.0,False
24178.13205718994,1165,456,1093.9669754504216,356.9106998658184,-0.24994773,0.18230465,1.0,False
24244.32611465454,1156,455,1110.782670974419,382.90040398414084,-0.24846968,0.17665973,1.0,False
24311.278104782104,1125,457,1118.638125113958,405.0534952256769,-0.25325364,0.15611193,1.0,False
24378.86619567871,1121,445,1124.20731342407,421.0685882825634,-0.23985678,0.15283477,1.0,False
24444.74697113037,1155,435,1135.419899893172,432.1997482176384,-0.22673833,0.17540896,1.0,False
24511.377096176147,1173,439,1148.2510370698778,441.9420128561299,-0.23000321,0.18738812,1.0,False
24577.04496383667,1180,428,1160.2459329836443,447.4965977288414,-0.21669915,0.19159466,1.0,False
24644.7331905365,1138,434,1161.7052372748753,452.880310990626,-0.22489697,0.16323331,1.0,False
24711.682081222534,1183,436,1171.5566108775286,457.3355441201787,-0.22665179,0.19465482,1.0,False
24778.31721305847,1200,429,1182.9902882812842,459.2152567022185,-0.21895811,0.20630604,1.0,False
24845.110177993774,1221,438,1196.564026360538,462.11615667848736,-0.22893783,0.22106776,1.0,False
24911.441326141357,1112,426,1185.9488298058009,461.71532790378933,-0.21577197,0.14487451,1.0,False
24976.561307907104,1061,421,1166.2706881646004,459.91846051198036,-0.21064958,0.10971991,1.0,False
25043.026208877563,1076,422,1152.1245656761118,458.1620537917068,-0.21126306,0.1197392,1.0,False
25177.595138549805,1140,426,1152.5926734763063,457.0747676982652,-0.2193349,0.1649346,1.0,False
25244.274139404297,1175,435,1159.7992574034445,457.59060858753503,-0.22669071,0.18943456,1.0,False
25311.594009399414,1164,446,1163.567201113109,459.9020731844504,-0.23948333,0.18144557,1.0,False
25378.2901763916,1182,464,1170.1873267326657,465.16588388619004,-0.2571891,0.19407764,1.0,False
25444.96512413025,1180,474,1175.2409295385423,471.3613873290992,-0.26724738,0.19264248,1.0,False
25511.7130279541,1150,467,1173.347266056063,474.95297158570526,-0.2608945,0.17245856,1.0,False
25578.2151222229,1108,458,1163.1210383893322,475.92019936984735,-0.24881971,0.14273489,1.0,False
25644.859313964844,1079,453,1148.405109077423,475.45504560556304,-0.2449975,0.12334361,1.0,False
25712.090253829956,1084,450,1136.7069641735302,474.18352198606146,-0.23957387,0.12562972,1.0,False
25778.314113616943,1068,446,1123.445688728102,472.043856130646,-0.23593715,0.114924006,1.0,False
25845.205068588257,1047,464,1107.8973925220514,473.5848720312384,-0.25727692,0.10198275,1.0,False
25911.663055419922,1054,462,1096.0467903235835,474.28988645796244,-0.25519106,0.10705841,1.0,False
25978.440284729004,1038,463,1082.8056846938282,474.89003284656883,-0.25660026,0.096332766,1.0,False
26044.9321269989,1038,466,1071.615391060773,475.81161618616636,-0.25928447,0.096239604,1.0,False
26111.773252487183,1053,461,1065.214950940185,475.4180613086955,-0.24925888,0.104522236,1.0,False
26178.213119506836,1079,448,1065.1317328311789,472.3109765892695,-0.23290524,0.12054116,1.0,False
26245.092153549194,1149,462,1079.2500685728915,472.30116245920516,-0.25195426,0.1707128,1.0,True
26311.56301498413,1165,487,1094.6747362519566,477.15596232236425,-0.27783903,0.18186858,1.0,True
26378.429174423218,1131,474,1101.1521405785156,478.57105604859333,-0.26127717,0.15727067,1.0,True
26444.998264312744,1127,491,1105.9320354987162,483.0421836155954,-0.28268096,0.1560367,1.0,True
26511.55114173889,1116,510,1107.836857628227,490.52518988765576,-0.3003921,0.14876765,1.0,True
26578.280210494995,1149,496,1116.069557230126,493.9712590401353,-0.28648755,0.17052302,1.0,True
26645.18404006958,1160,477,1125.2947894819104,492.9551642415838,-0.26996374,0.17871106,1.0,True
26711.5740776062,1150,474,1131.1377114235788,491.3295528795215,-0.26409626,0.17130479,1.0,True
26778.36513519287,1166,468,1139.2635461579325,488.59800308481135,-0.26037857,0.18245152,1.0,True
26845.10326385498,1153,482,1143.520699996643,488.93812320791244,-0.27339235,0.17366436,1.0,True
26911.805152893066,1189,479,1154.252813734323,488.51771099695446,-0.26836562,0.1973795,1.0,True
26978.60813140869,1159,473,1157.3018005413426,486.85447841489537,-0.26271892,0.17696103,1.0,True
27045.282125473022,1151,485,1158.1636326464072,487.73916597038277,-0.2752809,0.17150918,1.0,True
27111.68909072876,1155,496,1159.5575832285067,490.6103938018343,-0.28575796,0.17413127,1.0,True
27178.328037261963,1134,507,1156.411975917806,495.179237482971,-0.29568186,0.1602335,1.0,True
27244.8251247406,1143,513,1155.396663723675,500.19192259477416,-0.3057227,0.16752788,1.0,True
27311.958074569702,1138,505,1153.419125118721,502.77284504961966,-0.29233122,0.1626161,1.0,True
27378.883123397827,1133,506,1150.6315058998416,505.06727841283447,-0.29764894,0.16060922,1.0,True
27445.117235183716,1098,507,1141.1663237794069,507.1152613912352,-0.29942018,0.13698727,1.0,True
27511.762142181396,1067,493,1126.8186270993335,505.952110955406,-0.28440726,0.11578631,1.0,True
27578.389167785645,1089,488,1118.9428880606172,503.84889579400385,-0.2785585,0.12965053,1.0,True
27645.286321640015,1115,485,1117.4430583221692,501.3550050542955,-0.27402124,0.14715081,1.0,True
27712.000131607056,1111,501,1115.4106204204486,502.34182572847146,-0.28992975,0.14455721,1.0,True
27778.547286987305,1118,489,1115.1258618267996,500.7133912580993,-0.27834925,0.14907184,1.0,True
27845.181941986084,1121,496,1115.5363767941894,500.6544651316936,-0.28475273,0.15102091,1.0,True
27911.622285842896,1122,498,1116.1376370775122,500.94526469547975,-0.2856205,0.15160146,1.0,True
27976.898193359375,1115,482,1115.296810143137,497.93863415056893,-0.2669002,0.14603654,1.0,True
28043.33519935608,1033,514,1098.2201911270618,501.72081459263273,-0.29711884,0.09078307,1.0,True
28110.448122024536,933,562,1063.6892933658405,514.510281418382,-0.3475278,0.028928615,1.0,False
28178.494930267334,1004,526,1048.522051245319,518.1750511267362,-0.3180748,0.07549552,1.0,False
28245.156049728394,1004,519,1035.7946301989643,519.8111995450632,-0.31013015,0.07444263,1.0,False
28312.04915046692,950,482,1014.3887649592277,513.7093022857906,-0.27409637,0.038171925,1.0,False
28378.62205505371,898,501,986.0055559013153,512.2049937812287,-0.29834488,0.006561123,1.0,False
28445.768356323242,961,506,974.7255812429679,511.8521470604961,-0.30317393,0.047611497,1.0,False
28511.97123527527,978,526,968.9185937663838,515.4918410564367,-0.32146487,0.059111707,1.0,False
28578.721046447754,926,535,953.9940892015646,520.3437050391033,-0.3309352,0.026054673,1.0,False
28645.29323577881,850,515,926.4812310270219,520.4206134913819,-0.30985174,-0.024411432,1.0,False
28712.215185165405,851,540,903.6511947403607,525.4098654066531,-0.338245,-0.021476574,1.0,False
28778.576135635376,842,551,882.8851497811602,531.7958020667813,-0.35101032,-0.025504746,1.0,False
28845.348119735718,827,559,862.7271784833844,538.7606073673268,-0.35845912,-0.034718998,1.0,False
28912.130117416382,800,549,840.7244390653852,542.6023101761988,-0.34769621,-0.053088866,1.0,False
28978.716135025024,800,518,822.5792550101141,539.5609749542805,-0.31508607,-0.05593238,1.0,False
29045.2561378479,828,511,813.3620510324291,535.4404271106887,-0.30886444,-0.038142808,1.0,False
29112.246990203857,811,502,802.7834605031819,530.0181164743394,-0.29990435,-0.050119705,1.0,False
29178.97915840149,853,492,802.8301419397418,523.3066930789355,-0.28796747,-0.023836382,1.0,False
29245.46718597412,890,494,810.9364185297932,517.9201317882265,-0.29094392,0.00030113012,1.0,False
29312.156200408936,902,505,820.8756208881036,515.4919476651496,-0.3005359,0.008884259,1.0,False
29378.704071044922,878,513,825.1086411629107,515.0095077311528,-0.3105941,-0.006174527,1.0,False
29445.627212524414,879,523,829.4002755005841,516.59676234754,-0.32001734,-0.0051126257,1.0,False
29511.475324630737,914,559,840.4949126307151,525.1519425426825,-0.35583162,0.019893669,1.0,False
29578.97901535034,889,547,845.3506901664103,530.0473941315607,-0.34585547,0.0037524775,1.0,False
29645.371198654175,897,527,851.4173029927478,530.1897901475759,-0.32432482,0.007101916,1.0,False
29712.346076965332,901,507,857.6783625472477,526.261176425087,-0.30289876,0.008611344,1.0,False
29778.855323791504,944,509,871.8648320235511,523.2614697614281,-0.30420345,0.03636583,1.0,True
29844.938039779663,945,515,884.3758098442797,521.8715515003486,-0.3120736,0.037315257,1.0,True
29911.986351013184,958,525,897.7929146362723,522.6679962048137,-0.32194468,0.046941184,1.0,True
29978.47819328308,952,518,908.1293596080493,521.9362453523215,-0.3147341,0.042398714,1.0,True
30045.501232147217,971,509,920.7834574573636,519.4983613989635,-0.3016337,0.05347497,1.0,True
30112.109184265137,975,516,932.3762896373836,518.808076084291,-0.30763644,0.055945985,1.0,True
30178.760290145874,932,498,933.6188715195678,514.6184068180958,-0.28881234,0.0268716,1.0,True
30245.583057403564,938,508,935.7913520717209,513.045092647565,-0.29882592,0.031427525,1.0,True
30312.228202819824,939,587,937.758785152487,527.5191734091728,-0.37939408,0.036720492,1.0,True
30379.078149795532,877,631,926.9492811484001,548.6915157063368,-0.42334557,0.00054176897,1.0,True
30446.041107177734,897,618,921.6356875298186,564.1268360013167,-0.4106695,0.012182735,1.0,True
30512.110233306885,985,605,934.6563368012226,574.5934010906165,-0.3963493,0.066801496,1.0,False
30578.869104385376,994,590,947.544105060996,580.3720744808481,-0.38361013,0.07276658,1.0,False
30645.823001861572,955,563,950.6737316013348,579.7233855332887,-0.35768387,0.04631134,1.0,False
30712.25595474243,1411,581,1044.4351164122547,582.5814559014641,-0.3640936,0.34813726,1.0,False
30778.916120529175,1346,594,1111.3317560421606,587.4468261173181,-0.37898022,0.30370477,1.0,False
30845.624208450317,1295,619,1157.7779776655232,596.4264979417704,-0.40873268,0.271405,1.0,False
30912.33992576599,1326,551,1202.964581928673,590.3112154287753,-0.33784744,0.2911517,1.0,False
30979.036331176758,1194,560,1214.354337580144,586.694839879329,-0.3529313,0.20348087,1.0,False
31045.698165893555,1021,564,1188.5947509335851,584.2458082413808,-0.36034983,0.08988402,1.0,False
31112.526178359985,919,568,1145.3524849372238,582.8166388211373,-0.36477208,0.024127774,1.0,False
31178.99227142334,939,578,1111.7406390076385,583.4757481006607,-0.370745,0.036313437,1.0,False
31245.70107460022,933,596,1081.3479537438684,587.5300255496038,-0.389062,0.033426754,1.0,False
31312.8981590271,874,524,1043.2558328162672,576.4863805014303,-0.31843242,-0.008460574,1.0,True
31379.335165023804,888,488,1013.3253916366363,559.7516460562057,-0.28367683,-0.0010620877,1.0,True
31445.86229324341,807,476,971.5100334711095,543.0071698859433,-0.2686672,-0.05555495,1.0,False
31512.091159820557,819,488,938.26427982574,531.1181600179208,-0.28250805,-0.046799563,1.0,False
31579.17618751526,757,518,897.6774865117679,527.0320433232639,-0.31865847,-0.082450755,1.0,False
31645.74909210205,731,521,858.1323520404334,524.2427227232281,-0.31954026,-0.09886744,1.0,False
31712.40496635437,676,544,813.80114643616,526.5680299402231,-0.34371564,-0.1311273,1.0,False
31779.283046722412,703,522,781.8988333335925,524.2607019812829,-0.3210424,-0.11630518,1.0,False
31845.811367034912,689,508,752.5249984070905,519.5846969210469,-0.30857638,-0.12627998,1.0,False
31911.981105804443,647,498,719.7789304871278,513.6894302472441,-0.30014163,-0.1531738,1.0,False
31977.213144302368,536,484,670.4116904113291,505.9640245049053,-0.28445542,-0.22433266,1.0,False
32044.31915283203,557,518,633.3257424785392,506.29084625096885,-0.31897953,-0.2076535,1.0,False
32110.96501350403,577,521,606.6393075659267,507.3084256978068,-0.3194153,-0.19575036,1.0,False
32178.864240646362,593,511,588.0949688682911,506.3050435793064,-0.3055803,-0.18724409,1.0,False
32245.821237564087,644,503,583.524898325272,503.96493730344866,-0.30277044,-0.15524319,1.0,False
32312.5262260437,602,488,572.2751765798532,499.0799864520498,-0.2862476,-0.18300039,1.0,False
32379.191160202026,547,499,552.6717301624534,497.22429261823675,-0.2997389,-0.21587145,1.0,False
32445.68395614624,522,492,531.9133499597008,494.3634136496098,-0.2926811,-0.23202401,1.0,False
32512.56227493286,508,500,512.374467798036,493.64319829271346,-0.29986238,-0.24010122,1.0,False
32579.33211326599,493,512,493.68503583139704,495.5517833632935,-0.31225982,-0.24812093,1.0,False
32645.934104919434,503,501,480.7243564470006,495.09796097491363,-0.29807767,-0.24356264,1.0,False
32712.69416809082,481,508,466.25282152019014,496.21359691787757,-0.301954,-0.25704572,1.0,False
32779.1953086853,494,509,457.4722226251392,497.4632577133437,-0.29888347,-0.24971628,1.0,False
32845.88599205017,505,536,453.13478054076324,504.01680958020535,-0.32723704,-0.23920867,1.0,False
32912.45102882385,524,538,454.156363132719,510.08609361262523,-0.32990083,-0.22771206,1.0,False
32979.77805137634,537,535,458.5048776978473,514.7137062570595,-0.32743162,-0.21975276,1.0,False
33045.89319229126,502,535,456.03029098064536,518.6862802891794,-0.33003616,-0.2407628,1.0,False
33112.781047821045,461,532,446.4635510604752,521.4818557776864,-0.32840168,-0.2656328,1.0,False
33179.112911224365,454,531,437.60397844353275,523.658558091456,-0.32629713,-0.27027756,1.0,False
33246.350049972534,490,529,437.93493397073166,525.0978058345856,-0.32238066,-0.24917999,1.0,False
33312.615156173706,510,529,442.893899272881,526.3012332846282,-0.32189676,-0.23690826,1.0,False
33379.3363571167,527,521,451.15581952429545,525.6999588008673,-0.31319624,-0.22759268,1.0,False
33445.88804244995,537,532,460.77661146510303,527.3562730965136,-0.32792705,-0.2195374,1.0,False
33512.969970703125,548,534,471.68955686488107,529.1432408917439,-0.33086056,-0.21223414,1.0,False
33579.42724227905,499,552,471.6373857598384,534.2375719160381,-0.34823057,-0.24027643,1.0,False
33645.97821235657,466,583,465.3604837323398,544.7498691099263,-0.38057697,-0.25619397,1.0,False
33712.60595321655,473,585,461.7474889939097,554.0697086102379,-0.38079673,-0.25221056,1.0,False
33778.65409851074,484,588,461.2071266832469,562.537984095684,-0.38463867,-0.24503937,1.0,False
33845.77417373657,502,595,464.6787418122733,571.0520980294317,-0.3918157,-0.23298347,1.0,False
33912.625312805176,485,584,464.55365069133074,575.9826945360376,-0.3811395,-0.24473879,1.0,False
33979.408264160156,504,568,468.526195785359,576.8340691475083,-0.36462298,-0.23500496,1.0,False
34046.23794555664,529,563,477.17721591677685,576.3973812480515,-0.35834083,-0.22102654,1.0,False
34113.01612854004,538,561,486.58900247635404,575.469399178512,-0.35434318,-0.21587518,1.0,False
34179.7091960907,566,557,500.40391169099775,573.7340882005003,-0.3478324,-0.19984323,1.0,True
34246.21629714966,552,562,509.5304535734994,573.1227182420843,-0.35494226,-0.20716852,1.0,True
34312.7121925354,546,583,516.1979476985208,576.685319365457,-0.37613887,-0.20830804,1.0,True
34379.82225418091,505,564,513.729303695891,575.819596005949,-0.3590982,-0.23544794,1.0,True
34446.375131607056,562,596,523.0379977778418,581.36942270493,-0.39142734,-0.19669467,1.0,True
34512.73608207703,577,591,534.0044464063647,585.004358428049,-0.38677227,-0.18838647,1.0,True
34579.4312953949,536,582,535.1508793570981,586.1922488941702,-0.37904164,-0.2141405,1.0,True
34645.780086517334,529,574,534.6793473262568,585.486664615145,-0.3688245,-0.21941838,1.0,True
34712.93306350708,540,572,536.4263970705671,584.3690416637228,-0.36641744,-0.21339703,1.0,True
34779.322147369385,535,565,536.8716849050744,581.9100227470688,-0.35881606,-0.21735245,1.0,True
34846.22621536255,545,563,539.202959373946,579.3173406437846,-0.3578366,-0.21085826,1.0,True
34912.9421710968,596,564,551.3452728240572,577.2256304192402,-0.36175895,-0.17892268,1.0,True
34977.543115615845,580,554,558.4545199464922,573.3759205006816,-0.35139477,-0.19033906,1.0,True
35044.34418678284,639,569,576.2291907118201,573.0378069591588,-0.36585182,-0.15243298,1.0,True
35111.36507987976,1048,570,673.0858714479249,572.9134786998186,-0.3641533,0.10784548,1.0,False
35178.21002006531,964,585,738.7700710841698,575.7751697096821,-0.3809984,0.053833045,1.0,False
35246.32215499878,620,533,725.5204965120435,567.7875202547772,-0.33431783,-0.1667279,1.0,False
35312.99829483032,637,493,716.9138969008484,552.9335670874561,-0.29495177,-0.15968701,1.0,False
35379.56929206848,554,454,692.3630985865477,532.4512903257666,-0.25176397,-0.21691576,1.0,False
35446.16603851318,544,460,668.8776186206198,516.2194517120714,-0.2558565,-0.22298783,1.0,False
35513.076066970825,537,465,647.024199732936,503.4843881316209,-0.25833216,-0.22703624,1.0,False
35579.4792175293,539,477,628.4744752930164,495.18321209217225,-0.2689204,-0.22479823,1.0,False
35646.42930030823,420,558,588.6417027371739,504.4998284327177,-0.352273,-0.2877224,1.0,True
35713.60898017883,588,609,588.1269286560042,522.8664571260512,-0.39957523,-0.18067917,1.0,True
35779.46710586548,514,674,572.9134170089884,551.7082073190372,-0.46345937,-0.21774057,1.0,True
35846.55523300171,498,689,556.7570954645893,579.4121647091722,-0.47439957,-0.22638208,1.0,True
35912.99605369568,588,702,561.0486102895421,605.6365017584912,-0.48896456,-0.1707904,1.0,False
35979.96020317078,566,713,560.4411740123105,630.1008180411666,-0.50209224,-0.18244761,1.0,False
36112.84303665161,743,696,595.429342670361,647.3775934934247,-0.4862033,-0.07725135,1.0,False
36180.235147476196,796,700,635.9874863611966,662.6473126086522,-0.49123418,-0.044232316,1.0,False
36246.50025367737,587,700,628.7675014957158,675.3611237327189,-0.48968685,-0.1714749,1.0,False
36313.18712234497,636,678,632.2346135833883,681.4606909822026,-0.47163737,-0.14307219,1.0,False
36379.77313995361,643,668,636.4585084057478,684.2942022353602,-0.46112525,-0.14059833,1.0,False
36446.42519950867,744,656,660.1248441515588,683.9437552080815,-0.44950572,-0.07998284,1.0,False
36513.20028305054,708,674,672.9762481595201,686.890814183484,-0.46472526,-0.100428514,1.0,False
36580.09123802185,630,719,668.1243547237622,698.0765838413597,-0.50578666,-0.14377543,1.0,False
36646.58522605896,803,710,698.3345152455057,705.5041784497754,-0.49749684,-0.03953164,1.0,False
36713.38510513306,756,714,714.4981834596272,712.3061984238443,-0.50150275,-0.06791597,1.0,False
36780.036211013794,805,715,737.7824755847959,717.9703984241148,-0.5043063,-0.037293278,1.0,False
36846.46415710449,872,741,770.7061429438003,727.6621531120097,-0.52947545,0.006244771,1.0,False
36913.111209869385,878,746,799.5956615917531,736.5933948208321,-0.5371585,0.011055432,1.0,False
36979.79497909546,744,740,796.952667688892,742.663809590279,-0.528652,-0.072324194,1.0,False
37046.47397994995,771,727,799.532236997418,744.8846239446327,-0.5123361,-0.05802647,1.0,False
37113.40594291687,759,673,798.8154626176064,735.6228137755206,-0.46700424,-0.06821487,1.0,False
37180.02510070801,721,693,790.1111702788558,731.3783947898908,-0.4874121,-0.08999125,1.0,False
37246.66714668274,482,751,734.4262541374706,739.071147670855,-0.5379782,-0.22778249,1.0,False
37313.47298622131,402,765,670.5126378358627,748.1844013400149,-0.5469599,-0.27336603,1.0,False
37379.738092422485,398,770,615.0015762900982,756.699212257476,-0.548699,-0.27594158,1.0,False
37446.704149246216,337,763,555.4993727029521,762.2884048280118,-0.54812276,-0.31078374,1.0,False
37513.33498954773,349,748,507.3842848638625,763.769246820067,-0.5326283,-0.30590516,1.0,False
37579.98514175415,314,742,459.7804241277393,763.5436637894436,-0.52052677,-0.32845548,1.0,False
37645.503997802734,339,733,424.7535965504709,761.275948514419,-0.51585406,-0.31422085,1.0,False
37713.54818344116,355,724,398.7887532013165,757.2847636475404,-0.5084965,-0.30605474,1.0,False
37780.123233795166,471,741,400.6330284793088,757.0480189054036,-0.52457,-0.23620996,1.0,False
37846.559047698975,640,790,436.8466749886452,766.4446495262888,-0.5663955,-0.1319148,1.0,False
37913.87319564819,838,765,508.1263031962657,769.2760253626464,-0.5445578,-0.015135609,1.0,False
37979.86817359924,997,699,601.3483217197453,758.2841123602304,-0.48264563,0.079334415,1.0,True
38046.229124069214,934,730,668.6012922489323,754.900127126828,-0.5110123,0.041212462,1.0,False
38113.389015197754,972,675,733.5423181089628,740.8609372450817,-0.46378076,0.062981896,1.0,False
38179.99315261841,946,715,783.4745745555344,736.7514395097503,-0.50475323,0.050177313,1.0,False
38246.58823013306,969,733,830.1873853853846,736.7738221280217,-0.52037454,0.06578129,1.0,False
38313.53402137756,799,714,835.4084689107929,732.9414105942653,-0.502615,-0.041046135,1.0,False
38379.97221946716,763,706,831.8998894789756,728.0229292260034,-0.49946105,-0.06307956,1.0,False
38446.73991203308,1012,647,877.9743607404688,711.9945050750471,-0.4430159,0.08900774,1.0,False
38513.74626159668,1151,604,944.4209462731237,689.7051723532813,-0.4005565,0.17790985,1.0,False
38580.127000808716,1385,559,1047.1326020822728,661.7309705444917,-0.351864,0.33558038,1.0,False
38646.841049194336,1114,635,1079.606825368495,653.1818628235335,-0.4313743,0.15501949,1.0,False
38713.49501609802,905,687,1064.2447796592262,656.5001518091198,-0.48410815,0.024735756,1.0,False
38780.31897544861,1057,653,1080.2318793630216,652.7614476401338,-0.44974825,0.11896034,1.0,False
38846.771240234375,885,674,1058.3118007345506,653.9736650030766,-0.46950018,0.01053796,1.0,False
38913.49411010742,904,645,1042.26491382198,649.4104566933898,-0.44173786,0.020650096,1.0,False
38979.07519340515,926,639,1031.9838721076303,644.5010839563953,-0.43577498,0.034160577,1.0,False
39045.06611824036,972,623,1031.5459204413823,637.3002379807143,-0.42004886,0.062433936,1.0,False
39111.61112785339,838,622,1003.6016135024989,631.1488913604267,-0.4220577,-0.021781541,1.0,False
39178.927183151245,939,598,999.2381464380254,621.3058288460576,-0.39649642,0.039718978,1.0,False
39246.45709991455,1140,567,1035.1441975006062,606.9206344499482,-0.3669428,0.1707564,1.0,False
39313.60626220703,1307,571,1098.6671157173296,595.6802038070614,-0.36617336,0.28219047,1.0,False
39380.28430938721,1441,600,1179.0632220811437,592.1587899086578,-0.3956158,0.37517554,1.0,False
39446.89607620239,1511,555,1260.8725975444465,580.4462082578195,-0.35037664,0.47601852,1.0,False
39513.442039489746,1511,597,1329.6551299478294,579.1368601603779,-0.38932067,0.5192767,1.0,False
39580.15203475952,1152,709,1315.2990874712314,600.7275568802862,-0.50500035,0.18408915,1.0,False
39646.772146224976,1009,765,1273.0369323236698,630.6437468311424,-0.5539087,0.09432148,1.0,False
39713.497161865234,1012,799,1236.3067157746384,663.1681155007454,-0.5791378,0.09647971,1.0,False
39780.44319152832,1098,744,1221.1317863250847,679.9987022297513,-0.52746475,0.14677468,1.0,False
39846.848011016846,1065,743,1200.7500856144406,694.1165222498927,-0.52585936,0.1252785,1.0,False
39913.832902908325,815,737,1132.6347239043994,704.8625579693405,-0.52248764,-0.029886223,1.0,False
39980.2360534668,658,776,1042.5073048843078,721.6878857719742,-0.5544607,-0.12218759,1.0,False
40046.61822319031,575,760,948.6786056031106,732.6723095371215,-0.54375666,-0.17246735,1.0,False
40113.68012428284,794,761,912.4332647701112,742.0242177554111,-0.540434,-0.041604705,1.0,False
40180.62520027161,710,773,865.057881906777,752.1587547599705,-0.5411582,-0.09375436,1.0,False
40247.07317352295,580,786,799.0901371906858,763.1442676334852,-0.5545964,-0.16983855,1.0,False
40313.568115234375,461,813,719.5947395886038,777.6374210305172,-0.57064646,-0.23770535,1.0,False
40380.47909736633,461,872,652.5504916457568,801.5034448010691,-0.62297004,-0.2309173,1.0,False
40446.99811935425,583,902,620.7610867362024,827.5362178868297,-0.6482123,-0.15829384,1.0,False
40514.18209075928,557,965,589.6260816520762,861.9552867836139,-0.69395626,-0.16886848,1.0,False
40580.58214187622,445,981,541.8830631627476,894.0644714105931,-0.70620024,-0.2309418,1.0,False
40646.98004722595,398,981,492.9968741957814,920.9109594933685,-0.71277064,-0.25630996,1.0,False
40713.80925178528,386,981,450.2212980329313,943.1893371663439,-0.7305256,-0.2602989,1.0,False
40780.4479598999,339,948,405.74455312887886,954.9161814758396,-0.6831517,-0.2923735,1.0,False
40847.038984298706,574,923,416.27322983058514,959.205441170425,-0.66596913,-0.16148019,1.0,False
40913.79523277283,333,919,378.59919479420904,961.3541097104877,-0.66845155,-0.2973275,1.0,False
40980.81302642822,880,748,457.25197750118537,928.3083230797313,-0.5316992,0.011051185,1.0,False
41047.04833030701,1435,760,636.8108439667507,901.8675828007297,-0.5329449,0.36405063,1.0,False
41113.66605758667,850,850,674.1004592196462,896.823422806852,-0.61791867,-0.0015917346,1.0,False
41180.48715591431,148,980,565.8774786323672,918.1637825076585,-0.72369504,-0.3916442,1.0,False
41246.843099594116,110,981,466.1273944474459,936.2605531682017,-0.7250657,-0.41191405,1.0,False
41313.613176345825,187,930,396.9789618402096,941.1344956543935,-0.67745376,-0.37679708,1.0,False
41380.60426712036,201,902,341.66049626321774,939.2851897012883,-0.6535559,-0.37262812,1.0,False
41447.065114974976,234,905,302.1302505181147,937.9086090761205,-0.6552719,-0.3540852,1.0,False
41513.77725601196,298,899,282.39765058179074,935.1685631216378,-0.65131295,-0.31889874,1.0,False
41580.60693740845,368,910,280.8196019583077,934.6942788497632,-0.66115373,-0.27847865,1.0,False
41647.22418785095,455,915,298.11956836674386,934.9855943809333,-0.6648699,-0.2285842,1.0,False
41713.79208564758,449,934,312.8512805819362,938.7521722141237,-0.6828004,-0.22982788,1.0,False
41780.26819229126,559,931,348.4519666129976,941.1020721844876,-0.68568873,-0.16572145,1.0,False
41847.238302230835,520,970,371.93982254967335,950.6472978649856,-0.7135717,-0.18572381,1.0,False
41914.08014297485,425,969,373.7042429983517,958.3415144378508,-0.7146179,-0.23909035,1.0,False
41980.7231426239,378,953,366.399722783983,961.4390008369717,-0.69826347,-0.2679907,1.0,False
42047.51801490784,330,968,351.11077697536825,966.8044699451087,-0.7091244,-0.29301718,1.0,False
42113.89708518982,152,965,302.9981433021382,970.5127856323503,-0.70345414,-0.3924704,1.0,False
42180.44209480286,207,960,273.49472778619236,972.4059343737122,-0.70268,-0.36252296,1.0,False
42247.81012535095,281,959,263.8053990029531,973.5550409084856,-0.7020507,-0.32122943,1.0,False
42313.87209892273,200,955,240.08319732298898,973.480258924191,-0.69933295,-0.3668983,1.0,False
42380.48219680786,233,953,227.1709933480445,972.7740298844329,-0.69793934,-0.34876722,1.0,False
42447.2541809082,187,946,207.71895025678165,970.545392920834,-0.6873505,-0.375699,1.0,False
42513.7882232666,249,956,204.28106311368097,970.4352114443438,-0.69722396,-0.33977926,1.0,False
42580.7831287384,253,964,202.927005891018,971.754596777227,-0.70182264,-0.33702493,1.0,False
42647.160053253174,188,957,189.51140003434074,971.3067104198373,-0.69857275,-0.373392,1.0,False
42713.70506286621,113,962,163.75876334854104,971.7576451949942,-0.7002327,-0.41430503,1.0,False
42780.837297439575,109,958,141.67987048858737,971.1882910791866,-0.69644725,-0.41691223,1.0,False
42847.26119041443,118,948,125.38102459410996,968.5569639054846,-0.68753505,-0.41323185,1.0,False
42914.05415534973,140,952,116.64353421727323,966.9778093144499,-0.68892336,-0.40106627,1.0,False
42980.75604438782,92,932,100.36496145957354,961.5147815174295,-0.6727376,-0.429858,1.0,False
43045.50123214722,135,952,95.8305704339528,960.7508288595807,-0.691301,-0.4034038,1.0,False
43112.47110366821,179,914,101.52531667433685,952.4229890151739,-0.6648373,-0.3833187,1.0,False
43179.434061050415,222,887,115.7141094443196,939.8484106194462,-0.6416751,-0.3626167,1.0,False
43246.172189712524,226,878,129.28228886771487,927.2841024279381,-0.6385976,-0.36115268,1.0,False
43314.120292663574,242,892,144.6264018881949,919.3755345090259,-0.65085137,-0.35022882,1.0,False
43380.78308105469,263,895,162.40000694606962,913.283673047109,-0.6569231,-0.3372097,1.0,False
43447.48902320862,332,903,191.7602242330885,909.7664015702807,-0.6609814,-0.29809356,1.0,False
43514.26410675049,421,909,234.91826173959578,908.0623657012143,-0.6674635,-0.24690929,1.0,True
43580.59906959534,572,905,302.12578158827364,905.9116387966117,-0.664555,-0.16094059,1.0,False
43647.35913276672,576,913,360.2901203793723,905.7789020889747,-0.66694677,-0.15878633,1.0,False
43714.21813964844,758,891,446.0977231405263,901.3689940283456,-0.6531737,-0.05329322,1.0,False
43781.02517127991,822,890,531.7025023742424,897.5028143261309,-0.64708126,-0.016935878,1.0,False
43847.75400161743,849,916,609.456959062892,899.5098330400108,-0.67291147,0.0023029372,1.0,False
43914.08014297485,761,939,657.2544316263065,905.9353169039146,-0.690095,-0.048891433,1.0,False
43981.02021217346,470,967,638.6756839220208,917.1165664363186,-0.7157313,-0.21339908,1.0,False
44047.47533798218,588,947,645.1636766396318,922.7266785097578,-0.700367,-0.14772508,1.0,False
44114.23420906067,558,926,643.5918884585255,923.3384124550456,-0.6850225,-0.1659978,1.0,False
44180.84621429443,338,958,597.1932327341935,930.2632874452086,-0.70462495,-0.2889967,1.0,False
44247.54810333252,294,947,547.8183983849387,933.9730102714028,-0.69267493,-0.31530997,1.0,False
44313.72117996216,458,954,537.7342855937356,938.5144817287395,-0.6986493,-0.22265533,1.0,False
44380.72919845581,322,922,501.4038715528567,935.954132471559,-0.67438394,-0.30213907,1.0,False
44447.78513908386,429,910,491.34748869944883,931.3197979661938,-0.6601342,-0.24395943,1.0,False
44514.34111595154,516,900,499.8710825673965,925.3280663890191,-0.6550795,-0.1945273,1.0,False
44581.14719390869,676,902,538.9050098941893,920.5969735754257,-0.65970445,-0.10138955,1.0,False
44647.56417274475,580,923,552.7600849570345,920.7641396768788,-0.6807692,-0.1540136,1.0,False
44714.62607383728,689,918,586.0073438745501,919.9276840290161,-0.6749786,-0.09171007,1.0,False
44781.05115890503,808,852,637.7783864235687,906.0328170570058,-0.6201389,-0.026005067,1.0,False
44847.888231277466,822,875,684.2648419771359,898.7964859186375,-0.6389741,-0.016568713,1.0,False
44913.99812698364,687,900,696.2904751936278,897.6901345290277,-0.6664185,-0.0928242,1.0,False
44980.985164642334,675,927,703.3871087642397,902.2358516236194,-0.6832691,-0.098760195,1.0,False
45047.80411720276,612,954,696.085920837206,911.6026139443112,-0.7000648,-0.13471657,1.0,False
45114.24517631531,877,952,742.1238248844163,919.2613222816071,-0.7031045,0.021575473,1.0,False
45181.08105659485,728,967,750.9524971237257,928.8248046543558,-0.71931875,-0.0642386,1.0,False
45247.54309654236,679,981,747.9094016201901,939.7845931571634,-0.7328273,-0.092612736,1.0,False
45314.457178115845,885,949,785.7561331957592,942.7019627173138,-0.7046315,0.027058117,1.0,False
45381.03222846985,901,926,820.5567700136043,940.51983219587,-0.68178207,0.03425973,1.0,False
45447.755098342896,957,919,860.669855867699,937.1805300161034,-0.673005,0.06665971,1.0,False
45514.347076416016,1029,907,908.4447264727388,931.8666812054087,-0.66884124,0.11161143,1.0,False
45581.11214637756,1006,893,943.6720266038008,924.4840464074475,-0.65553665,0.096384145,1.0,False
45647.72415161133,1026,866,976.684906353933,912.7581512836459,-0.6363735,0.10850086,1.0,False
45714.40815925598,826,881,963.7527447359864,905.7539931674894,-0.6450393,-0.012976669,1.0,False
45781.02397918701,612,880,908.7703121784826,899.620613432331,-0.65069383,-0.13782492,1.0,False
45847.67413139343,608,861,860.0274286367664,890.6523014651065,-0.6279684,-0.14364001,1.0,False
45914.31927680969,386,863,773.2727560882366,883.4822878717921,-0.6307448,-0.27140403,1.0,False
45981.112241744995,376,904,696.7053813015697,885.6731798255167,-0.6623465,-0.27325866,1.0,True
46045.984983444214,278,877,611.5754097215485,882.2702509908229,-0.6393105,-0.33165696,1.0,False
46112.87617683411,373,889,558.0237603279108,881.8776379098568,-0.650626,-0.27617693,1.0,False
46179.44598197937,392,843,516.5154573419619,872.4585122729526,-0.6078774,-0.27111417,1.0,False
46246.752977371216,611,860,525.4486088553099,867.9304315997898,-0.62362474,-0.14260474,1.0,False
46314.096212387085,422,884,495.9358152812509,869.0022279732624,-0.6388221,-0.25068456,1.0,False
46381.15215301514,403,908,467.53976955158697,874.8596353657302,-0.66030395,-0.25868458,1.0,False
46447.925090789795,310,892,425.36240270716803,876.7874328081615,-0.64592344,-0.3128524,1.0,False
46514.888286590576,455,909,419.08234386220397,881.932504991331,-0.6610527,-0.22875789,1.0,False
46580.974102020264,390,914,401.53719886807,887.4094626713156,-0.6625706,-0.2655092,1.0,False
46647.876262664795,444,915,398.14725355452185,892.345569313019,-0.6689843,-0.23376343,1.0,False
46714.65802192688,416,928,390.44666725628974,899.1965137022082,-0.67426735,-0.2495116,1.0,False
46781.2922000885,507,901,402.8269093209535,899.6613156975301,-0.65317327,-0.20017138,1.0,False
46848.14429283142,652,902,443.12007751507184,900.2510064178205,-0.6598484,-0.11525,1.0,False
46914.74509239197,637,941,475.1396777034989,908.5460789084818,-0.69308305,-0.12031128,1.0,False
46981.20021820068,654,921,506.3134954848605,911.6148558488978,-0.68099487,-0.11079878,1.0,False
47046.3752746582,553,941,513.021703103485,918.1950126565787,-0.70145965,-0.16669413,1.0,True
47113.28625679016,546,893,517.5213131570049,914.1632046006356,-0.6635275,-0.17468515,1.0,True
47179.774045944214,638,859,539.900717024394,903.8555820945394,-0.63564074,-0.123552136,1.0,True
47246.692180633545,864,853,604.31223055798,893.8114096617353,-0.6349133,0.011672519,1.0,False
47314.37635421753,770,868,640.5039449774091,888.2319195866688,-0.64407176,-0.044513382,1.0,False
47448.40717315674,537,898,624.5839305799202,889.4985685987933,-0.6643565,-0.18001848,1.0,False
47514.99605178833,525,899,608.2801333208636,890.8252402271758,-0.6631882,-0.1874969,1.0,True
47581.62999153137,501,908,589.3266937360067,893.7955743268527,-0.67406416,-0.19948953,1.0,True
47648.11110496521,657,858,604.1862528183078,886.361233948903,-0.63335055,-0.11334141,1.0,True
47714.91312980652,629,851,611.1780833799046,878.6356118605577,-0.6249795,-0.1308532,1.0,True
47781.39328956604,659,852,623.0091733841166,872.286639365074,-0.62995744,-0.11197353,1.0,False
47848.23703765869,816,800,664.353923075698,856.5369728438195,-0.5846545,-0.02226638,1.0,False
47914.75319862366,812,806,698.6516705212872,844.3834133222316,-0.58707666,-0.025201999,1.0,False
47981.311082839966,652,843,695.6011795374746,841.5487868606649,-0.61806273,-0.117903925,1.0,False
48048.136949539185,448,871,651.779437689925,844.9004351999359,-0.6420283,-0.23398355,1.0,False
48114.83430862427,443,886,613.0049850426863,850.929748068687,-0.6550183,-0.23526713,1.0,True
48181.33616447449,340,882,559.1186897909928,855.420801722772,-0.655584,-0.2934399,1.0,True
48248.47626686096,335,888,512.0880710590915,860.568033956403,-0.6590088,-0.2960593,1.0,False
48314.85414505005,351,911,475.30240179278246,869.6515792905559,-0.676798,-0.2846181,1.0,False
48381.64830207825,418,885,457.6165010224982,872.269727834004,-0.65460277,-0.24944597,1.0,False
48448.25506210327,346,905,428.53956039263744,878.5339836309757,-0.6704539,-0.28869128,1.0,False
48514.86420631409,322,909,399.377480416847,884.6982684868069,-0.6701803,-0.3024809,1.0,False
48581.55608177185,316,916,373.81611669732337,891.3537194583143,-0.6791884,-0.3042157,1.0,False
48648.74219894409,379,936,365.1961441657401,901.0066973094094,-0.695341,-0.266617,1.0,False
48714.94722366333,360,919,354.68421755159704,905.7956569594934,-0.6820109,-0.27899122,1.0,False
48781.45527839661,355,918,345.3455533595946,909.6028825867672,-0.682358,-0.2819339,1.0,False
48848.33312034607,429,893,352.803347961198,907.7606246540961,-0.66344464,-0.24234432,1.0,False
48915.21215438843,371,911,348.18553900299815,909.690009979238,-0.6763725,-0.27342367,1.0,False
48981.579065322876,391,922,348.7954846497316,913.4509847729616,-0.6870431,-0.26093903,1.0,False
49048.10333251953,289,950,329.44616803845526,922.1737514776344,-0.70604277,-0.31577858,1.0,False
49114.83430862427,251,962,305.82743250892145,931.9229814883374,-0.7144552,-0.33579615,1.0,False
49181.88428878784,284,976,292.80141165184216,942.9233924103887,-0.7245194,-0.31616285,1.0,False
49248.32892417908,294,954,284.26324281082077,947.7647425825579,-0.7058519,-0.31330827,1.0,False
49315.01626968384,372,931,293.16253116719275,947.1209594858592,-0.69137675,-0.2710714,1.0,False
49381.73317909241,435,912,313.93312810339444,942.5909868820221,-0.67710364,-0.23716277,1.0,False
49448.2741355896,327,953,310.56383061097716,946.7591289738588,-0.71323353,-0.29308134,1.0,False
49514.90306854248,219,943,286.48754154223036,948.17685426101,-0.70300204,-0.35503653,1.0,False
49581.68125152588,246,956,271.72667640000316,951.8420097672508,-0.71342915,-0.33891663,1.0,False
49648.59914779663,370,938,284.37496193422135,951.2295740420135,-0.698056,-0.2712876,1.0,False
49714.36905860901,411,936,303.8352575358063,950.1632311412634,-0.6966729,-0.24872315,1.0,False
49781.79407119751,410,969,320.6323572499302,955.7213137387798,-0.7225602,-0.2458215,1.0,False
49848.03819656372,404,964,334.0616055912302,959.3448289669426,-0.7194789,-0.24967048,1.0,False
49915.181159973145,459,981,356.7375161897205,965.7057100965802,-0.73266816,-0.21671557,1.0,True
49981.837034225464,617,981,407.84174445264983,970.9983388656693,-0.7420791,-0.1261659,1.0,False
50048.487186431885,616,981,451.3139038036246,975.3657973627317,-0.7402929,-0.12679166,1.0,False
50115.281105041504,650,973,495.0874459003561,977.3348868622118,-0.72310144,-0.109072275,1.0,False
50181.78606033325,688,942,539.7717802990699,972.6523599702997,-0.69980156,-0.089121826,1.0,False
50248.441219329834,734,918,586.69562408072,963.6976403238327,-0.6829487,-0.063319914,1.0,False
50314.899921417236,675,895,614.3987574516304,951.3245627356747,-0.6660197,-0.09898508,1.0,False
50381.73317909241,455,930,593.3692807156704,947.6751064953393,-0.6937026,-0.22358152,1.0,False
50448.52924346924,465,903,576.7007755840267,939.1198734164664,-0.67125636,-0.22028214,1.0,False
50515.23399353027,504,913,569.676627804258,933.7940886411485,-0.6808546,-0.1968475,1.0,False
50582.096099853516,426,921,547.5816212097197,930.8562063056789,-0.6904825,-0.23975319,1.0,False
50648.773193359375,282,929,499.48452765129286,929.9744843532276,-0.70042896,-0.3200722,1.0,True
50715.341091156006,838,889,569.3070591025341,921.2561136665568,-0.68084145,0.00275328,1.0,False
50781.72206878662,735,916,608.1476568088267,919.251335601666,-0.7128897,-0.05438813,1.0,False
50848.4570980072,799,813,653.7114995497429,897.0041620083979,-0.6492199,-0.017429627,1.0,False
50915.340185165405,744,787,681.0997537484794,872.8863676403381,-0.6408473,-0.049765103,1.0,False
50982.03921318054,523,695,659.6490270574889,834.0469805773524,-0.5787233,-0.1893999,1.0,False
51048.34008216858,767,653,689.4664586772633,792.7215111859325,-0.5280431,-0.043319635,1.0,False
51115.20719528198,643,652,689.5541845240526,757.5981821903175,-0.52540696,-0.1222282,1.0,False
51182.159185409546,440,724,648.4036427411634,742.4915432312879,-0.5861652,-0.2402808,1.0,False
51248.57401847839,566,688,637.9044940783031,722.9596781543137,-0.5728309,-0.16358718,1.0,False
51315.30022621155,605,615,636.3464485603042,692.2680570506768,-0.5133305,-0.1446363,1.0,False
51382.09009170532,937,545,701.0820594984344,652.6845194070917,-0.4258893,0.05997271,1.0,False
